Workbook

Sheet Read me
B2: Sample-Size and Power Calculator
B3: Modern Biostatistics for the Health Sciences, Volume I — Chapter 11, Section 11.6
B6: WHAT THIS IS
B7: Five sample-size and power calculations for t-test designs, worked entirely in worksheet
B8: formulas. The same five appear in R, SAS, SPSS, and Python in this folder, and all five
B9: languages give the same answers.
B11: HOW TO USE IT
B12: Each numbered sheet is one calculation. Change the values in the blue boxes; everything
B13: below them recomputes. There are no macros, so nothing needs to be enabled, and the file
B14: works in Excel, LibreOffice Calc, Google Sheets, and Numbers.
B16: THE ONE THING EXCEL CANNOT DO
B17: Power calculations need the NONCENTRAL t distribution. Excel has no function for it.
... B43: they were TINV, TDIST, and NORMSINV, which take their arguments differently.

Sheet 1 One-sample n
B2: 1. One-sample t test — how many participants?
B3: Detect a 5-unit shift from the null value when the standard deviation is 25.
B5: Inputs
B6: Effect to detect (delta) | C6: 5 | D6: the smallest difference worth finding — a clinical judgement, not a statistical one
B7: Standard deviation (sd) | C7: 25 | D7: from pilot data or the literature
B8: Significance level (alpha) | C8: 0.05 | D8: two-sided
B9: Target power | C9: 0.8 | D9: 0.80 is conventional; 0.90 for a confirmatory trial
B11: Refinement | C11: n | D11: degrees of freedom used
B12: start (normal) | C12: =(_xlfn.NORM.S.INV(1-$C$8/2)+_xlfn.NORM.S.INV($C$9))^2*$C$7^2/$C$6^2 | D12: no degrees of freedom yet — uses z
B13: pass 1 | C13: =(_xlfn.T.INV.2T($C$8,MAX(ROUND((C12-1)*1,0),1))+_xlfn.T.INV($C$9,MAX(ROUND((C12-1)*1,0),1)))^2*$C$7^2/$C$6^2 | D13: =MAX(ROUND((C12-1)*1,0),1)
B14: pass 2 | C14: =(_xlfn.T.INV.2T($C$8,MAX(ROUND((C13-1)*1,0),1))+_xlfn.T.INV($C$9,MAX(ROUND((C13-1)*1,0),1)))^2*$C$7^2/$C$6^2 | D14: =MAX(ROUND((C13-1)*1,0),1)
B15: pass 3 | C15: =(_xlfn.T.INV.2T($C$8,MAX(ROUND((C14-1)*1,0),1))+_xlfn.T.INV($C$9,MAX(ROUND((C14-1)*1,0),1)))^2*$C$7^2/$C$6^2 | D15: =MAX(ROUND((C14-1)*1,0),1)
B16: pass 4 | C16: =(_xlfn.T.INV.2T($C$8,MAX(ROUND((C15-1)*1,0),1))+_xlfn.T.INV($C$9,MAX(ROUND((C15-1)*1,0),1)))^2*$C$7^2/$C$6^2 | D16: =MAX(ROUND((C15-1)*1,0),1)
B17: pass 5 | C17: =(_xlfn.T.INV.2T($C$8,MAX(ROUND((C16-1)*1,0),1))+_xlfn.T.INV($C$9,MAX(ROUND((C16-1)*1,0),1)))^2*$C$7^2/$C$6^2 | D17: =MAX(ROUND((C16-1)*1,0),1)
B18: pass 6 | C18: =(_xlfn.T.INV.2T($C$8,MAX(ROUND((C17-1)*1,0),1))+_xlfn.T.INV($C$9,MAX(ROUND((C17-1)*1,0),1)))^2*$C$7^2/$C$6^2 | D18: the value stops moving — that is the answer
B20: Sample size (exact root) | C20: =C18
B21: PARTICIPANTS TO ENROL | C21: =ROUNDUP(C18,0) | D21: always round up — rounding down loses power
B23: R gives 198.1513, so 199. Same answer.

Sheet 2 Power at n
B2: 2. One-sample t test — what power does the budget buy?
B3: Same design, but recruitment is capped at 180. Solve for power instead of sample size.
B5: Inputs
B6: Sample size available (n) | C6: 180 | D6: what the budget or the clinic will actually yield
B7: Effect to detect (delta) | C7: 5
B8: Standard deviation (sd) | C8: 25
B9: Significance level (alpha) | C9: 0.05
B11: Working
B12: Standard error sd/sqrt(n) | C12: =$C$8/SQRT($C$6)
B13: Noncentrality delta/SE | C13: =$C$7/C12 | D13: how many standard errors the true effect sits from the null
B14: Degrees of freedom n-1 | C14: =$C$6-1
B15: Critical value t(alpha/2, df) | C15: =_xlfn.T.INV.2T($C$9,C14) | D15: the threshold the test actually uses
B17: POWER | C17: =1-_xlfn.T.DIST(C15-C13,C14,TRUE) | D17: the chance this study finds the effect if it is really there
B18: Type II error (beta) | C18: =1-C17 | D18: the chance it misses
B20: R gives 0.7608. This sheet gives 0.7607 — the approximation costs one ten-thousandth.
B21: Below 0.80. Either enrol more people, accept a smaller power, or look for a larger effect.

Sheet 3 Two-sample unequal
B2: 3. Two independent groups — unequal variances
B3: The groups are not expected to vary equally: sd 15 and 18. Detect a difference of 10.
B5: Inputs
B6: Standard deviation, group 1 | C6: 15
B7: Standard deviation, group 2 | C7: 18
B8: Difference to detect (delta) | C8: 10
B9: Significance level (alpha) | C9: 0.05
B10: Target power | C10: 0.8
B12: Combined standard deviation | C12: =SQRT(($C$6^2+$C$7^2)/2) | D12: the ROOT-MEAN-SQUARE of the two, not their average (16.5)
B14: Refinement | C14: n | D14: degrees of freedom used
B15: start (normal) | C15: =2*(_xlfn.NORM.S.INV(1-$C$9/2)+_xlfn.NORM.S.INV($C$10))^2*$C$12^2/$C$8^2 | D15: no degrees of freedom yet — uses z
B16: pass 1 | C16: =2*(_xlfn.T.INV.2T($C$9,MAX(ROUND((C15-1)*2,0),1))+_xlfn.T.INV($C$10,MAX(ROUND((C15-1)*2,0),1)))^2*$C$12^2/$C$8^2 | D16: =MAX(ROUND((C15-1)*2,0),1)
B17: pass 2 | C17: =2*(_xlfn.T.INV.2T($C$9,MAX(ROUND((C16-1)*2,0),1))+_xlfn.T.INV($C$10,MAX(ROUND((C16-1)*2,0),1)))^2*$C$12^2/$C$8^2 | D17: =MAX(ROUND((C16-1)*2,0),1)
B18: pass 3 | C18: =2*(_xlfn.T.INV.2T($C$9,MAX(ROUND((C17-1)*2,0),1))+_xlfn.T.INV($C$10,MAX(ROUND((C17-1)*2,0),1)))^2*$C$12^2/$C$8^2 | D18: =MAX(ROUND((C17-1)*2,0),1)
B19: pass 4 | C19: =2*(_xlfn.T.INV.2T($C$9,MAX(ROUND((C18-1)*2,0),1))+_xlfn.T.INV($C$10,MAX(ROUND((C18-1)*2,0),1)))^2*$C$12^2/$C$8^2 | D19: =MAX(ROUND((C18-1)*2,0),1)
B20: pass 5 | C20: =2*(_xlfn.T.INV.2T($C$9,MAX(ROUND((C19-1)*2,0),1))+_xlfn.T.INV($C$10,MAX(ROUND((C19-1)*2,0),1)))^2*$C$12^2/$C$8^2 | D20: =MAX(ROUND((C19-1)*2,0),1)
B21: pass 6 | C21: =2*(_xlfn.T.INV.2T($C$9,MAX(ROUND((C20-1)*2,0),1))+_xlfn.T.INV($C$10,MAX(ROUND((C20-1)*2,0),1)))^2*$C$12^2/$C$8^2 | D21: the value stops moving — that is the answer
B23: n per group (exact root) | C23: =C21
B24: ENROL PER GROUP | C24: =ROUNDUP(C21,0)
B25: TOTAL | C25: =2*C24
B27: R gives 44.0716, so 45 per group. Same answer.

Sheet 4 Two-sample equal
B2: 4. Two independent groups — equal variances
B3: The same comparison assuming one common standard deviation of 17. Compare with sheet 3.
B5: Inputs
B6: Common standard deviation | C6: 17
B7: Difference to detect (delta) | C7: 10
B8: Significance level (alpha) | C8: 0.05
B9: Target power | C9: 0.8
B11: Refinement | C11: n | D11: degrees of freedom used
B12: start (normal) | C12: =2*(_xlfn.NORM.S.INV(1-$C$8/2)+_xlfn.NORM.S.INV($C$9))^2*$C$6^2/$C$7^2 | D12: no degrees of freedom yet — uses z
B13: pass 1 | C13: =2*(_xlfn.T.INV.2T($C$8,MAX(ROUND((C12-1)*2,0),1))+_xlfn.T.INV($C$9,MAX(ROUND((C12-1)*2,0),1)))^2*$C$6^2/$C$7^2 | D13: =MAX(ROUND((C12-1)*2,0),1)
B14: pass 2 | C14: =2*(_xlfn.T.INV.2T($C$8,MAX(ROUND((C13-1)*2,0),1))+_xlfn.T.INV($C$9,MAX(ROUND((C13-1)*2,0),1)))^2*$C$6^2/$C$7^2 | D14: =MAX(ROUND((C13-1)*2,0),1)
B15: pass 3 | C15: =2*(_xlfn.T.INV.2T($C$8,MAX(ROUND((C14-1)*2,0),1))+_xlfn.T.INV($C$9,MAX(ROUND((C14-1)*2,0),1)))^2*$C$6^2/$C$7^2 | D15: =MAX(ROUND((C14-1)*2,0),1)
B16: pass 4 | C16: =2*(_xlfn.T.INV.2T($C$8,MAX(ROUND((C15-1)*2,0),1))+_xlfn.T.INV($C$9,MAX(ROUND((C15-1)*2,0),1)))^2*$C$6^2/$C$7^2 | D16: =MAX(ROUND((C15-1)*2,0),1)
B17: pass 5 | C17: =2*(_xlfn.T.INV.2T($C$8,MAX(ROUND((C16-1)*2,0),1))+_xlfn.T.INV($C$9,MAX(ROUND((C16-1)*2,0),1)))^2*$C$6^2/$C$7^2 | D17: =MAX(ROUND((C16-1)*2,0),1)
B18: pass 6 | C18: =2*(_xlfn.T.INV.2T($C$8,MAX(ROUND((C17-1)*2,0),1))+_xlfn.T.INV($C$9,MAX(ROUND((C17-1)*2,0),1)))^2*$C$6^2/$C$7^2 | D18: the value stops moving — that is the answer
B20: n per group (exact root) | C20: =C18
B21: ENROL PER GROUP | C21: =ROUNDUP(C18,0)
B22: TOTAL | C22: =2*C21
B24: R gives 46.3467, so 47 per group. Same answer.
B25: Two more people per group than sheet 3, for a combined spread only half a unit larger.

Sheet 5 Paired
B2: 5. Paired t test — two measurements on the same person
B3: Pairing helps exactly as much as the two measurements are correlated. That correlation has to be assumed.
B5: Inputs
B6: Standard deviation, measure 1 | C6: 40
B7: Standard deviation, measure 2 | C7: 32
B8: Correlation between them (rho) | C8: 0.5 | D8: the assumption that matters most — see sheet 6
B9: Difference to detect (delta) | C9: 20
B10: Significance level (alpha) | C10: 0.05
B11: Target power | C11: 0.8
B13: Standard deviation of the differences | C13: =SQRT($C$6^2+$C$7^2-2*$C$8*$C$6*$C$7) | D13: shrinks as rho rises — this is the whole advantage of pairing
B15: Refinement | C15: n | D15: degrees of freedom used
B16: start (normal) | C16: =(_xlfn.NORM.S.INV(1-$C$10/2)+_xlfn.NORM.S.INV($C$11))^2*$C$13^2/$C$9^2 | D16: no degrees of freedom yet — uses z
B17: pass 1 | C17: =(_xlfn.T.INV.2T($C$10,MAX(ROUND((C16-1)*1,0),1))+_xlfn.T.INV($C$11,MAX(ROUND((C16-1)*1,0),1)))^2*$C$13^2/$C$9^2 | D17: =MAX(ROUND((C16-1)*1,0),1)
B18: pass 2 | C18: =(_xlfn.T.INV.2T($C$10,MAX(ROUND((C17-1)*1,0),1))+_xlfn.T.INV($C$11,MAX(ROUND((C17-1)*1,0),1)))^2*$C$13^2/$C$9^2 | D18: =MAX(ROUND((C17-1)*1,0),1)
B19: pass 3 | C19: =(_xlfn.T.INV.2T($C$10,MAX(ROUND((C18-1)*1,0),1))+_xlfn.T.INV($C$11,MAX(ROUND((C18-1)*1,0),1)))^2*$C$13^2/$C$9^2 | D19: =MAX(ROUND((C18-1)*1,0),1)
B20: pass 4 | C20: =(_xlfn.T.INV.2T($C$10,MAX(ROUND((C19-1)*1,0),1))+_xlfn.T.INV($C$11,MAX(ROUND((C19-1)*1,0),1)))^2*$C$13^2/$C$9^2 | D20: =MAX(ROUND((C19-1)*1,0),1)
B21: pass 5 | C21: =(_xlfn.T.INV.2T($C$10,MAX(ROUND((C20-1)*1,0),1))+_xlfn.T.INV($C$11,MAX(ROUND((C20-1)*1,0),1)))^2*$C$13^2/$C$9^2 | D21: =MAX(ROUND((C20-1)*1,0),1)
B22: pass 6 | C22: =(_xlfn.T.INV.2T($C$10,MAX(ROUND((C21-1)*1,0),1))+_xlfn.T.INV($C$11,MAX(ROUND((C21-1)*1,0),1)))^2*$C$13^2/$C$9^2 | D22: the value stops moving — that is the answer
B24: Pairs (exact root) | C24: =C22
B25: PAIRS TO ENROL | C25: =ROUNDUP(C22,0)
B27: R gives 28.3529, so 29 pairs. Same answer.

Sheet 6 Rho sweep
B2: 6. How much does the assumed correlation matter?
B3: The same paired design at five values of rho. This is the sensitivity analysis a reviewer will ask for.
B5: Fixed inputs
B6: sd, measure 1 | C6: 40
B7: sd, measure 2 | C7: 32
B8: delta | C8: 20
B9: alpha | C9: 0.05
B10: power | C10: 0.8
B12: rho | C12: sd of differences | D12: start (z) | E12: pass 1 | F12: pass 2 | G12: pass 3 | H12: PAIRS
B13: 0 | C13: =SQRT($C$6^2+$C$7^2-2*B13*$C$6*$C$7) | D13: =(_xlfn.NORM.S.INV(1-$C$9/2)+_xlfn.NORM.S.INV($C$10))^2*C13^2/$C$8^2 | E13: =(_xlfn.T.INV.2T($C$9,MAX(ROUND(D13-1,0),1))+_xlfn.T.INV($C$10,MAX(ROUND(D13-1,0),1)))^2*C13^2/$C$8^2 | F13: =(_xlfn.T.INV.2T($C$9,MAX(ROUND(E13-1,0),1))+_xlfn.T.INV($C$10,MAX(ROUND(E13-1,0),1)))^2*C13^2/$C$8^2 | G13: =(_xlfn.T.INV.2T($C$9,MAX(ROUND(F13-1,0),1))+_xlfn.T.INV($C$10,MAX(ROUND(F13-1,0),1)))^2*C13^2/$C$8^2 | H13: =ROUNDUP(G13,0)
B14: 0.3 | C14: =SQRT($C$6^2+$C$7^2-2*B14*$C$6*$C$7) | D14: =(_xlfn.NORM.S.INV(1-$C$9/2)+_xlfn.NORM.S.INV($C$10))^2*C14^2/$C$8^2 | E14: =(_xlfn.T.INV.2T($C$9,MAX(ROUND(D14-1,0),1))+_xlfn.T.INV($C$10,MAX(ROUND(D14-1,0),1)))^2*C14^2/$C$8^2 | F14: =(_xlfn.T.INV.2T($C$9,MAX(ROUND(E14-1,0),1))+_xlfn.T.INV($C$10,MAX(ROUND(E14-1,0),1)))^2*C14^2/$C$8^2 | G14: =(_xlfn.T.INV.2T($C$9,MAX(ROUND(F14-1,0),1))+_xlfn.T.INV($C$10,MAX(ROUND(F14-1,0),1)))^2*C14^2/$C$8^2 | H14: =ROUNDUP(G14,0)
B15: 0.5 | C15: =SQRT($C$6^2+$C$7^2-2*B15*$C$6*$C$7) | D15: =(_xlfn.NORM.S.INV(1-$C$9/2)+_xlfn.NORM.S.INV($C$10))^2*C15^2/$C$8^2 | E15: =(_xlfn.T.INV.2T($C$9,MAX(ROUND(D15-1,0),1))+_xlfn.T.INV($C$10,MAX(ROUND(D15-1,0),1)))^2*C15^2/$C$8^2 | F15: =(_xlfn.T.INV.2T($C$9,MAX(ROUND(E15-1,0),1))+_xlfn.T.INV($C$10,MAX(ROUND(E15-1,0),1)))^2*C15^2/$C$8^2 | G15: =(_xlfn.T.INV.2T($C$9,MAX(ROUND(F15-1,0),1))+_xlfn.T.INV($C$10,MAX(ROUND(F15-1,0),1)))^2*C15^2/$C$8^2 | H15: =ROUNDUP(G15,0)
B16: 0.7 | C16: =SQRT($C$6^2+$C$7^2-2*B16*$C$6*$C$7) | D16: =(_xlfn.NORM.S.INV(1-$C$9/2)+_xlfn.NORM.S.INV($C$10))^2*C16^2/$C$8^2 | E16: =(_xlfn.T.INV.2T($C$9,MAX(ROUND(D16-1,0),1))+_xlfn.T.INV($C$10,MAX(ROUND(D16-1,0),1)))^2*C16^2/$C$8^2 | F16: =(_xlfn.T.INV.2T($C$9,MAX(ROUND(E16-1,0),1))+_xlfn.T.INV($C$10,MAX(ROUND(E16-1,0),1)))^2*C16^2/$C$8^2 | G16: =(_xlfn.T.INV.2T($C$9,MAX(ROUND(F16-1,0),1))+_xlfn.T.INV($C$10,MAX(ROUND(F16-1,0),1)))^2*C16^2/$C$8^2 | H16: =ROUNDUP(G16,0)
B17: 0.9 | C17: =SQRT($C$6^2+$C$7^2-2*B17*$C$6*$C$7) | D17: =(_xlfn.NORM.S.INV(1-$C$9/2)+_xlfn.NORM.S.INV($C$10))^2*C17^2/$C$8^2 | E17: =(_xlfn.T.INV.2T($C$9,MAX(ROUND(D17-1,0),1))+_xlfn.T.INV($C$10,MAX(ROUND(D17-1,0),1)))^2*C17^2/$C$8^2 | F17: =(_xlfn.T.INV.2T($C$9,MAX(ROUND(E17-1,0),1))+_xlfn.T.INV($C$10,MAX(ROUND(E17-1,0),1)))^2*C17^2/$C$8^2 | G17: =(_xlfn.T.INV.2T($C$9,MAX(ROUND(F17-1,0),1))+_xlfn.T.INV($C$10,MAX(ROUND(F17-1,0),1)))^2*C17^2/$C$8^2 | H17: =ROUNDUP(G17,0)
B19: R gives 54, 39, 29, 19, 9. Same answers.
B21: Read the last column downwards. Assuming rho = 0.7 when the truth is 0.3 leaves the study with 19 pairs
B22: where it needed 39 — less than half the sample it required, and no way to tell from the data that
B23: anything went wrong. When rho is uncertain, plan on the low end. A study that is larger than it
B24: needed to be is an inefficiency; one that is smaller than it needed to be answers nothing.

Sheet Summary
B2: All five answers, and how close the approximation comes
B3: The 'this workbook' column is live: it reads the other sheets. The 'R, SAS, SPSS, Python' column is typed in.
B5: Calculation | C5: This workbook | D5: Exact | E5: Enrol | F5: Comment
B6: 1. One-sample, n | C6: ='1 One-sample n'!C20 | D6: 198.1513 | E6: ='1 One-sample n'!C21 | F6: 199 either way
B7: 2. Power at n = 180 | C7: ='2 Power at n'!C17 | D7: 0.7608 | F7: agrees to three decimals
B8: 3. Two-sample, sd 15 and 18 | C8: ='3 Two-sample unequal'!C23 | D8: 44.0716 | E8: ='3 Two-sample unequal'!C24 | F8: 45 per group either way
B9: 4. Two-sample, sd 17 | C9: ='4 Two-sample equal'!C20 | D9: 46.3467 | E9: ='4 Two-sample equal'!C21 | F9: 47 per group either way
B10: 5. Paired, rho = 0.5 | C10: ='5 Paired'!C24 | D10: 28.3529 | E10: ='5 Paired'!C25 | F10: 29 pairs either way
B13: The two middle columns never differ by enough to change the number of people you would enrol.
B15: That is the useful lesson. A power calculation is not a precision instrument and was never
B16: meant to be one. Its output is dominated by the effect size you assumed, which is a clinical
B17: judgement, and by the standard deviation you borrowed from somebody else's study. Arguing about
B18: the fourth decimal place of the arithmetic while those two numbers are guesses is misplaced effort.
B20: Report the assumptions. Report where they came from. Report what happens if they are wrong.
B21: That is what sheet 6 is for, and it is what a reviewer actually reads.
